z, A, lambda, tau
9.292015056644724,-84.07773588292422,1.2160497245516912e57,70.
9.286616853277073,-83.97773588292422,1.0462056353674334e57,69.48454695041279
9.281215491870851,-83.87773588292421,9.000829846605406e56,68.97257111100463
9.275810966841494,-83.77773588292422,7.743687597058878e56,68.46406836509622
9.270403272594386,-83.67773588292421,6.662126446221293e56,67.95901700199734
9.264992403523173,-83.57773588292422,5.7316240129597595e56,67.45739543595629
9.259578354008484,-83.47773588292422,4.931082746167452e56,66.95918220555791
9.254161118416958,-83.37773588292421,4.24235161785854e56,66.46435597310301
9.248740691100522,-83.27773588292422,3.6498146144451257e56,65.97289552398583
9.243317066395827,-83.17773588292421,3.1400366977240826e56,65.48477976605905
9.237890238623807,-83.07773588292422,2.701459209782114e56,64.99998772899929
9.232460202089339,-82.97773588292422,2.3241378168057e56,64.5184985636711
9.22702695108098,-82.87773588292421,1.999517051064647e56,64.0402915414874
9.221590479870736,-82.77773588292422,1.7202363399590642e56,63.56534605377378
9.216150782713893,-82.67773588292421,1.4799631247931056e56,63.093641611131815
9.210707853848849,-82.57773588292422,1.2732492860366412e56,62.62515784280736
9.205261687496996,-82.47773588292422,1.0954076201741693e56,62.15987449605438
9.199812277862593,-82.37773588292421,9.424055677996602e55,61.697771435508685
9.194359619132666,-82.27773588292422,8.107737836943182e55,61.23882864256125
9.188903705476905,-82.17773588292421,6.975274760880604e55,60.7830262147301
9.18344453104758,-82.07773588292422,6.000987317842281e55,60.33034436504241
9.177982089979446,-81.97773588292422,5.162782928753655e55,59.880763421415416
9.172516376389662,-81.87773588292421,4.4416546505013813e55,59.43426382603752
9.167047384377712,-81.77773588292422,3.821250218366985e55,58.99082613475915
9.161575108025321,-81.67773588292421,3.2875012773036914e55,58.55043101648078
9.156099541396376,-81.57773588292422,2.8283043960611484e55,58.113059252546336
9.150620678536853,-81.47773588292422,2.4332466321195183e55,57.678691736139484
9.145138513474727,-81.37773588292421,2.0933694254147844e55,57.24730947168123
9.139653040219908,-81.27773588292422,1.8009654677904618e55,56.81889357423473
9.134164252764151,-81.17773588292421,1.5494039427167704e55,56.39342526890734
9.128672145080989,-81.07773588292422,1.3329801730148694e55,55.97088589025868
9.123176711125643,-80.97773588292422,1.146786267691093e55,55.55125688171385
9.117677944834952,-80.87773588292421,9.865998350752812e54,55.13451979497413
9.112175840127291,-80.77773588292422,8.487882390539166e54,54.72065628943557
9.106670390902492,-80.67773588292421,7.302262275833735e54,54.309648131606885
9.101161591041768,-80.57773588292422,6.282250658487457e54,53.901477194533186
9.095649434407624,-80.47773588292422,5.404715672700295e54,53.496125457220415
9.090133914843786,-80.37773588292421,4.649756399680918e54,53.09357500406495
9.084615026175117,-80.27773588292422,4.0002515936995256e54,52.69380802428164
9.079092762207534,-80.17773588292421,3.441471437382193e54,52.29680681134007
9.073567116727931,-80.07773588292422,2.960743523149119e54,51.90255376240145
9.06803808350409,-79.97773588292422,2.5471654871797957e54,51.511031377754904
9.062505656284607,-79.87773588292421,2.1913577800531542e54,51.12222226026373
9.056969828798799,-79.77773588292422,1.8852509682468572e54,50.7361091148075
9.051430594756631,-79.67773588292421,1.62190274361927e54,50.35267474773205
9.045887947848628,-79.57773588292422,1.3953404915890464e54,49.97190206629749
9.040341881745785,-79.47773588292422,1.2004258482416412e54,49.59377407813421
9.034792390099494,-79.37773588292421,1.0327381751717804e54,49.21827389069628
9.029239466541444,-79.27773588292422,8.884743098144357e53,48.84538471072349
9.023683104683549,-79.17773588292421,7.643623180532168e53,48.47508984369879
9.018123298117859,-79.07773588292422,6.575872933912493e53,48.10737269331622
9.012560040416464,-78.97773588292422,5.657275201198895e53,47.74221676094479
9.006993325131413,-78.87773588292421,4.86699552923859e53,47.37960564510132
9.001423145794634,-78.77773588292422,4.1871096754060035e53,47.01952304091825
8.995849495917831,-78.67773588292421,3.6021971103442822e53,46.66195273962267
8.99027236899241,-78.57773588292422,3.098991298941339e53,46.30687862801098
8.984691758489374,-78.47773588292422,2.666078829098966e53,45.954284687931235
8.979107657859249,-78.37773588292423,2.2936405655087675e53,45.60415499576297
8.973520060531982,-78.27773588292422,1.9732289585977874e53,45.2564737219058
8.967928959916861,-78.17773588292422,1.6975764586583784e53,44.911225130265066
8.962334349402413,-78.07773588292422,1.4604306905213911e53,44.568393577741865
8.95673622235632,-77.97773588292422,1.2564126509615695e53,44.22796351372952
8.95113457212532,-77.87773588292423,1.0808947130946804e53,43.88991947960432
8.945529392035125,-77.77773588292422,9.298956711830274e52,43.55424610822756
8.939920675390315,-77.67773588292422,7.999904456853745e52,43.220928123444004
8.934308415474254,-77.57773588292422,6.882324008362587e52,42.889950339587116
8.92869260554899,-77.47773588292422,5.920865130554061e52,42.561297660981204
8.923073238855162,-77.37773588292423,5.093718745535133e52,42.2349550814538
8.917450308611905,-77.27773588292422,4.3821222819950315e52,41.9109076838433
8.911823808016752,-77.17773588292422,3.7699341184293285e52,41.58914063951306
8.906193730245542,-77.07773588292422,3.2432674697596737e52,41.26963920786634
8.90056006845232,-76.97773588292422,2.7901754142446435e52,40.9523887358666
8.894922815769233,-76.87773588292423,2.400379917335734e52,40.637374657554815
8.889281965306443,-76.77773588292422,2.0650387069061583e52,40.32458249357378
8.883637510152028,-76.67773588292422,1.7765447126850953e52,40.01399785069438
8.877989443371865,-76.57773588292422,1.528353521238693e52,39.70560642134133
8.872337758009554,-76.47773588292422,1.3148349331968e52,39.39939398312431
8.866682447086305,-76.37773588292423,1.1311452560325924e52,39.095346398370346
8.86102350360083,-76.27773588292422,9.731174359669729e51,38.79344961365896
8.855360920529261,-76.17773588292422,8.371665371452577e51,38.493689659358616
8.849694690825029,-76.07773588292422,7.20208424299608e51,38.19605264916564
8.84402480741877,-75.97773588292422,6.195898045607087e51,37.90052477964916
8.83835126321822,-75.87773588292423,5.3302804170238034e51,37.60709232979035
8.832674051108112,-75.77773588292422,4.5855937774188546e51,37.3157416605337
8.82699316395007,-75.67773588292422,3.944943874966097e51,37.02645921433306
8.8213085945825,-75.57773588292422,3.393796557429553e51,36.73923151470328
8.815620335820498,-75.47773588292422,2.919648077544919e51,36.45404516577299
8.80992838045572,-75.37773588292423,2.5117414541337035e51,36.17088685184248
8.804232721256298,-75.27773588292422,2.1608224554706636e51,35.889743336938004
8.798533350966718,-75.17773588292422,1.8589296700905955e51,35.610601464375776
8.792830262307719,-75.07773588292422,1.599213903358586e51,35.333448156321204
8.787123447976178,-74.97773588292422,1.3757828032746938e51,35.05827041335526
8.781412900645005,-74.87773588292423,1.183567191214142e51,34.78505531404023
8.77569861296303,-74.77773588292422,1.0182060656096686e51,34.51379001448889
8.769980577554891,-74.67773588292422,8.759476701144525e50,34.24446174793766
8.76425878702093,-74.57773588292422,7.535643821587766e50,33.97705782431673
8.758533233937069,-74.47773588292422,6.482794912883503e50,33.71156562982764
8.752803910854702,-74.37773588292423,5.577042063588171e50,33.447972626520865
8.747070810300588,-74.27773588292422,4.797834626771469e50,33.186266351875055
8.741333924776725,-74.17773588292422,4.127492997855236e50,32.92643441838045
8.735593246760244,-74.07773588292422,3.550807523067927e50,32.66846451312084
8.729848768703286,-73.97773588292422,3.0546934400633366e50,32.41234439736169
8.724100483032895,-73.87773588292423,2.6278940232300356e50,32.1580619061372
8.71834838215089,-73.77773588292422,2.2607251996677435e50,31.905604947842555
8.712592458433754,-73.67773588292422,1.944855842499241e50,31.65496150382492
8.706832704232514,-73.57773588292422,1.673118757482875e50,31.406119627978654
8.701069111872624,-73.47773588292422,1.4393480751317792e50,31.159067446341737
8.695301673653837,-73.37773588292423,1.2382393595275115e50,30.9137931566953
8.689530381850094,-73.27773588292422,1.06522926032815e50,30.670285028164617
8.683755228709398,-73.17773588292422,9.163919777936234e49,30.428531400820766
8.677976206453689,-73.07773588292422,7.883501920480759e49,30.188520685286136
8.672193307278729,-72.97773588292422,6.781984359170501e49,29.950241362342666
8.666406523353968,-72.87773588292421,5.834371729566913e49,29.713681982539196
8.660615846822434,-72.77773588292422,5.019160851428423e49,29.478831165803065
8.654821269800587,-72.67773588292421,4.3178528360971434e49,29.245677601052677
8.649022784378216,-72.57773588292422,3.7145333556698714e49,29.014210045814277
8.643220382618294,-72.47773588292421,3.195511551529333e49,28.7844173258363
8.63741405655686,-72.37773588292421,2.749009390098626e49,28.556288334710484
8.631603798202889,-72.27773588292422,2.364894418123037e49,28.329812033490768
8.625789599538162,-72.17773588292421,2.0344498543578852e49,28.104977450318554
8.619971452517138,-72.07773588292422,1.7501768015661403e49,27.88177368004571
8.614149349066818,-71.97773588292421,1.505624091429376e49,27.660189883861733
8.608323281086623,-71.87773588292421,1.2952419018775944e49,27.440215288922595
8.60249324044825,-71.77773588292422,1.1142558256649082e49,27.221839187980564
8.596659218995551,-71.67773588292421,9.585585329999309e48,27.00505093901834
8.59082120854439,-71.57773588292422,8.246165701998113e48,26.789839964882084
8.584979200882513,-71.47773588292421,7.093901797357787e48,26.576195752917535
8.579133187769406,-71.37773588292421,6.102643224637387e48,26.36410785460863
8.573283160936171,-71.27773588292422,5.2498933698631034e48,26.15356588521833
8.567429112085374,-71.17773588292421,4.5162988974117824e48,25.94455952342886
8.561571032890921,-71.07773588292422,3.885210575122123e48,25.737078510986308
8.555708914997904,-70.97773588292421,3.3423054588350194e48,25.53111265234621
8.54984275002248,-70.87773588292421,2.8752618637271908e48,25.326651814321142
8.543972529551706,-70.77773588292422,2.473479747467793e48,25.12368592572901
8.538098245143424,-70.67773588292421,2.127840160582088e48,24.92220497704457
8.532219888326095,-70.57773588292422,1.8304983058059447e48,24.722199020054283
8.526337450598671,-70.47773588292421,1.5747055107840462e48,24.523658167506227
8.520450923430449,-70.37773588292421,1.3546560744968397e48,24.326572592772237
8.514560298260914,-70.27773588292422,1.1653555121791282e48,24.130932529501965
8.508665566499607,-70.17773588292421,1.0025072090262857e48,23.936728271284053
8.502766719525972,-70.07773588292422,8.624149106806792e47,23.7439501713088
8.496863748689206,-69.97773588292421,7.418988378342327e47,23.55258864203089
8.490956645308115,-69.87773588292421,6.382235214216553e47,23.362634154834794
8.485045400670959,-69.77773588292422,5.490357208272481e47,23.174077239701695
8.479130006035307,-69.67773588292421,4.723110163222417e47,22.986908484879045
8.47321045262788,-69.57773588292422,4.0630786377712235e47,22.801118536550234
8.467286731644398,-69.47773588292421,3.495280690225715e47,22.6166980985056
8.461358834249433,-69.37773588292421,3.0068278490472814e47,22.4336379318206
8.455426751576248,-69.27773588292422,2.5866325939937755e47,22.25192885452535
8.44949047472664,-69.17773588292421,2.2251567096101005e47,22.07156174128795
8.443549994770791,-69.07773588292422,1.9141948003028897e47,21.89252752308955
8.437605302747105,-68.97773588292421,1.6466880541363416e47,21.714817186905844
8.431656389662049,-68.87773588292421,1.4165640289047768e47,21.53842177539052
8.425703246489995,-68.77773588292422,1.2185988245546308e47,21.3633323865585
8.419745864173056,-68.67773588292421,1.0482985140409014e47,21.189540173471606
8.41378423362093,-68.57773588292422,9.017971417367902e46,21.017036343925938
8.407818345710735,-68.47773588292421,7.757689744887619e46,20.845812160140902
8.401848191286842,-68.37773588292421,6.673530138525166e46,20.675858938450485
8.395873761160711,-68.27773588292422,5.740880562971153e46,20.50716804899426
8.389895046110725,-68.17773588292421,4.938568275398859e46,20.33973091541085
8.383912036882032,-68.07773588292422,4.2483792310431275e46,20.1735390145369
8.37792472418636,-67.97773588292421,3.65464464350425e46,20.008583876098392
8.371933098701863,-67.87773588292421,3.1438853163217526e46,19.844857082415672
8.36593715107294,-67.77773588292422,2.704505673463956e46,19.682350268098034
8.359936871910065,-67.67773588292421,2.3265305443011174e46,19.521055119748958
8.353932251789628,-67.57773588292422,2.0013787289465707e46,19.36096337566912
8.347923281253738,-67.47773588292421,1.7216682045975246e46,19.202066825560305
8.34190995081007,-67.37773588292421,1.4810485516187658e46,19.044357310232414
8.335892250931671,-67.27773588292422,1.2740567958858243e46,18.88782672131169
8.3298701720568,-67.17773588292422,1.0959933953612435e46,18.7324670009503
8.323843704588732,-67.07773588292422,9.428155560754903e45,18.578270141537544
8.317812838895595,-66.97773588292422,8.110454559997346e45,18.425228185412536
8.311777565310175,-66.87773588292421,6.97691293657057e45,18.27333322457783
8.305737874129747,-66.77773588292422,6.001793694010344e45,18.1225774004158
8.299693755615879,-66.67773588292422,5.1629565769829526e45,17.9729529034071
8.293645199994259,-66.57773588292422,4.4413554417352765e45,17.82445197284615
8.2875921974545,-66.47773588292422,3.8206058649428976e45,17.67706689656464
8.281534738149963,-66.37773588292421,3.286613175977531e45,17.53079001065146
8.27547281219756,-66.27773588292422,2.8272524691184342e45,17.385613699176975
8.269406409677568,-66.17773588292422,2.4320933320592908e45,17.241530393915948
8.26333552063344,-66.07773588292422,2.09216304207012e45,17.098532574076806
8.257260135071613,-65.97773588292422,1.7997428543211684e45,16.956612766026165
8.25118024296131,-65.87773588292421,1.5481927580330963e45,16.815763543019045
8.245095834234352,-65.77773588292422,1.3318007223123032e45,16.675977524930314
8.239006898784957,-65.67773588292422,1.1456530094224668e45,16.537247377985725
8.232913426469548,-65.57773588292422,9.855226114670664e44,16.39956581449551
8.226815407106551,-65.47773588292422,8.47773277850646e44,16.26292559258931
8.220712830476195,-65.37773588292421,7.292769547971712e44,16.127319515952358
8.214605686320313,-65.27773588292422,6.2734276265920174e44,15.99274043356336
8.20849396434214,-65.17773588292422,5.396558986623703e44,15.859181239433358
8.2023776542061,-65.07773588292422,4.642250780440139e44,15.726634872346352
8.19625674553762,-64.97773588292422,3.993373203722046e44,15.595094315601946
8.190131227922901,-64.87773588292421,3.4351905457474564e44,15.464552596757903
8.184001090908728,-64.77773588292422,2.9550265965081067e44,15.335002787373877
8.17786632400225,-64.67773588292422,2.541976814346942e44,15.206438002759748
8.171726916670774,-64.57773588292422,2.1866607193626296e44,15.0788514017221
8.165582858341548,-64.47773588292422,1.881008891034727e44,14.95223618631137
8.15943413840155,-64.37773588292421,1.6180797340919673e44,14.826585601575946
8.15328074619728,-64.27773588292422,1.3919018524852359e44,14.701892935308967
8.147122671034527,-64.17773588292422,1.1973384526670548e44,14.578151517805408
8.140959902178162,-64.07773588292422,1.029970697535922e44,14.455354721614182
8.134792428851918,-63.97773588292422,8.859973626146772e43,14.333495961293083
8.128620240238167,-63.87773588292422,7.621485161687487e43,14.212568693168286
8.122443325477693,-63.77773588292422,6.556112633504624e43,14.09256641509076
8.116261673669477,-63.67773588292422,5.639658683555111e43,13.973482666195633
8.11007527387046,-63.577735882924216,4.851308042046741e43,13.855311026663909
8.103884115095326,-63.47773588292422,4.173154824544803e43,13.738045117484798
8.097688186316264,-63.37773588292422,3.5897958951026723e43,13.62167860021887
8.09148747646274,-63.27773588292422,3.08798106216091e43,13.506205176762982
8.085281974421271,-63.17773588292422,2.6563121643394123e43,13.391618589116371
8.07907166903518,-63.077735882924216,2.284984213303602e43,13.277912619148102
8.072856549104374,-62.97773588292422,1.965562715804676e43,13.165081088365822
8.06663660338509,-62.87773588292422,1.6907921184656868e43,13.053117857685637
8.060411820589673,-62.77773588292422,1.4544310255545666e43,12.94201682720352
8.05418218938632,-62.67773588292422,1.2511104478942464e43,12.831771935968096
8.047947698398854,-62.577735882924216,1.076211864014312e43,12.722377161754276
8.041708336206465,-62.47773588292422,9.257623245162655e42,12.613826520837721
8.035464091343467,-62.37773588292422,7.963442176276386e42,12.506114067771241
8.029214952299066,-62.27773588292422,6.850176467961709e42,12.399233895164231
8.022960907517087,-62.17773588292422,5.892536576595017e42,12.293180133459215
8.01670194539574,-62.077735882924216,5.0687679793573236e42,12.187946950712451
8.010438054287361,-61.97773588292422,4.360157058545119e42,12.083528552375775
8.00416922249816,-61.87773588292422,3.750606049778427e42,11.979919181079236
7.99789543828796,-61.77773588292422,3.2262674012042066e42,11.877113116414732
7.991616689869942,-61.67773588292421,2.7752292398462566e42,11.775104674720103
7.985332965410387,-61.57773588292421,2.387244801960142e42,11.673888208865348
7.979044253028408,-61.47773588292421,2.053499682381996e42,11.57345810804105
7.972750540795693,-61.37773588292421,1.7664116168865537e42,11.473808797548264
7.966451816736232,-61.27773588292421,1.5194582504489832e42,11.37493473858482
7.960148068826055,-61.17773588292421,1.3070289798032711e42,11.276830428036979
7.953839284992962,-61.07773588292421,1.1242975050468854e42,11.179490398275961
7.947525453116246,-60.97773588292421,9.671121959566165e41,11.082909216946177
7.941206561026426,-60.87773588292421,8.31901783085014e41,10.987081486760323
7.934882596504967,-60.77773588292421,7.155942311544055e41,10.89200184530068
7.9285535472840065,-60.67773588292421,6.1554695266310815e41,10.797664964806804
7.922219401046071,-60.57773588292421,5.294867763553712e41,10.704065551983092
7.915880145423792,-60.47773588292421,4.55458306968905e41,10.611198347790403
7.909535767999637,-60.37773588292421,3.917795036680571e41,10.519058127251686
7.903186256305599,-60.27773588292421,3.370034676704346e41,10.42763969925011
7.896831597822932,-60.17773588292421,2.8988557166473264e41,10.336937906334573
7.89047177998185,-60.07773588292421,2.493551838350655e41,10.246947624520054
7.8841067901612325,-59.97773588292421,2.1449134470375707e41,10.157663763097936
7.877736615688339,-59.87773588292421,1.8450184389599646e41,10.069081264434406
7.871361243838504,-59.77773588292421,1.5870522180865363e41,9.981195103787257
7.864980661834846,-59.67773588292421,1.3651528725791373e41,9.89400028910492
7.8585948568479544,-59.57773588292421,1.1742779932399734e41,9.80749186084213
7.852203815995609,-59.47773588292421,1.0100901105965153e41,9.721664891770144
7.845807526342442,-59.37773588292421,8.688581460767995e40,9.63651448678352
7.839405974899668,-59.27773588292421,7.473726397046026e40,9.552035782718889
7.832999148624736,-59.17773588292421,6.428728287807237e40,9.46822394816727
7.826587034421051,-59.07773588292421,5.529839200703073e40,9.385074183285981
7.820169619137635,-58.97773588292421,4.756631310700019e40,9.302581719617747
7.813746889568823,-58.87773588292421,4.0915327461026206e40,9.220741819908808
7.807318832453946,-58.77773588292421,3.519428321477297e40,9.139549777925271
7.800885434476983,-58.67773588292421,3.027316085148342e40,9.059000918271968
7.7944466822662815,-58.57773588292421,2.6040118817105357e40,8.979090596214213
7.788002562394199,-58.47773588292421,2.2398952162017844e40,8.899814197499934
7.781553061376772,-58.37773588292421,1.92669064655768e40,8.821167138181591
7.7750981656734,-58.27773588292421,1.6572797370857063e40,8.743144864439543
7.768637861686511,-58.17773588292421,1.425539300893959e40,8.665742852406847
7.762172135761213,-58.07773588292421,1.2262022564360007e40,8.588956607995119
7.755700974184957,-57.97773588292421,1.0547379368353976e40,8.512781666721654
7.749224363187208,-57.87773588292421,9.072491322127439e39,8.437213593537376
7.7427422889390956,-57.77773588292421,7.803835259799633e39,8.362247982655568
7.7362547375530495,-57.67773588292421,6.712575127835857e39,8.287880457381904
7.729761695082476,-57.57773588292421,5.773906671256581e39,8.21410666994536
7.723263147521376,-57.47773588292421,4.9664937370664196e39,8.140922301330265
7.716759080804026,-57.37773588292421,4.271983386704192e39,8.068323061109353
7.710249480804597,-57.27773588292421,3.674588799817585e39,7.996304687277806
7.70373433333679,-57.17773588292421,3.160730491908138e39,7.924862946088334
7.697213624153495,-57.07773588292421,2.7187276933256492e39,7.85399363188724
7.690687338946401,-56.97773588292421,2.3385328768118154e39,7.783692566951475
7.684155463345633,-56.87773588292421,2.0115034011830015e39,7.713955601326703
7.67761798291939,-56.77773588292421,1.7302050820779195e39,7.644778612666316
7.671074883173571,-56.67773588292421,1.4882432261360114e39,7.576157506071479
7.664526149551375,-56.57773588292421,1.2801172889948942e39,7.5080882139321155
7.657971767432945,-56.47773588292421,1.1010958542792152e39,7.440566695768867
7.651411722134975,-56.37773588292421,9.471090924905137e38,7.3735889380760735
7.644845998910331,-56.27773588292421,8.14656255894201e38,7.3071509541656585
7.638274582947641,-56.17773588292421,7.007261073544834e38,7.241248784012114
7.631697459370919,-56.077735882924216,6.027284746519138e38,7.175878494098165
7.62511461323916,-55.977735882924215,5.184353746662807e38,7.111036177261345
7.618526029545954,-55.87773588292421,4.459303698646622e38,7.04671795254164
7.6119316932190735,-55.77773588292422,3.8356500583758446e38,6.982919965030085
7.605331589120074,-55.67773588292422,3.2992133968834195e38,6.919638385718392
7.5987257020438825,-55.577735882924216,2.8377970754987077e38,6.856869411349706
7.59211401671839,-55.477735882924215,2.4409099924170795e38,6.794609264270103
7.585496517804028,-55.37773588292421,2.0995280945740266e38,6.732854192279958
7.578873189893335,-55.27773588292422,1.8058892396530726e38,6.671600468486875
7.572244017510567,-55.17773588292422,1.553316742284333e38,6.610844391160132
7.565608985111261,-55.077735882924216,1.3360675867232522e38,6.550582283586448
7.558968077081822,-54.977735882924215,1.1492018666387343e38,6.490810493925676
7.552321277739047,-54.87773588292421,9.884704815527432e37,6.431525395065629
7.545668571329708,-54.77773588292422,8.502185422713082e37,6.3727233844800235
7.539009942030164,-54.67773588292422,7.31302275076759e37,6.314400884088457
7.5323453739458905,-54.577735882924216,6.290175452804142e37,6.256554340115605
7.525674851110935,-54.477735882924215,5.4103837956442825e37,6.1991802229484
7.51899835748755,-54.37773588292421,4.653640889194415e37,6.142275026998233
7.512315876965821,-54.27773588292422,4.00273775414233e37,6.085835270565114
7.505627393363175,-54.17773588292422,3.4428720425027137e37,6.029857495697169
7.498932890423728,-54.077735882924216,2.961311539622594e37,5.974338268052864
7.492232351817973,-53.977735882924215,2.547104648710647e37,5.919274176768999
7.485525761142441,-53.87773588292421,2.190831345382652e37,5.86466183432354
7.478813101919009,-53.77773588292422,1.8843890407628992e37,5.810497876398383
7.472094357594499,-53.67773588292422,1.6208083334867963e37,5.756778961750801
7.465369511540246,-53.577735882924216,1.394094498791607e37,5.703501772077939
7.4586385470514704,-53.477735882924215,1.199091231379178e37,5.6506630118821
7.451901447347083,-53.37773588292421,1.0313633690867252e37,5.5982594083453625
7.445158195568944,-53.27773588292422,8.870960217617055e36,5.546287711193397
7.438408774781125,-53.17773588292422,7.630078720354129e36,5.4947446925666386
7.431653167970175,-53.077735882924216,6.562765082507031e36,5.443627146894974
7.424891358044001,-52.977735882924215,5.644742663184444e36,5.392931890761889
7.418123327831129,-52.87773588292421,4.855130306798024e36,5.3426557627836795
7.41134906008131,-52.77773588292422,4.175967162548926e36,5.292795623477874
7.404568537463673,-52.67773588292422,3.591804657262797e36,5.243348355136615
7.3977817425668055,-52.577735882924216,3.0893547692049274e36,5.194310861704918
7.3909886578986885,-52.477735882924215,2.657188105480075e36,5.145680068648079
7.384189265885164,-52.37773588292421,2.2854738532646644e36,5.097452922835556
7.377383548870307,-52.27773588292422,1.9657561649047558e36,5.049626392408452
7.370571489115367,-52.17773588292422,1.6907619958384008e36,5.002197466663105
7.363753068798321,-52.077735882924216,1.4542354672801626e36,4.955163155923066
7.356928270013248,-51.977735882924215,1.2507958380741423e36,4.908520491419679
7.350097074770628,-51.87773588292421,1.0758148641330026e36,4.8622665251695105
7.343259464994789,-51.77773588292422,9.25311778824428e35,4.816398329852119
7.336415422525981,-51.67773588292422,7.958625208408625e35,4.77091299869184
7.32956492911726,-51.577735882924216,6.845220616540347e35,4.725807645334157
7.322707966436062,-51.477735882924215,5.8875722951989666e35,4.681079403730244
7.315844516062041,-51.37773588292421,5.0638926159285946e35,4.6367254280133485
7.308974559486993,-51.27773588292422,4.3554408720409696e35,4.592742892384715
7.302098078115475,-51.17773588292422,3.746098446977247e35,4.549128990991144
7.295215053261343,-51.077735882924216,3.2220007955461085e35,4.505880937811121
7.288325466150794,-50.977735882924215,2.771223339209633e35,4.462995966534612
7.281429297918311,-50.87773588292421,2.383509011372822e35,4.420471330448217
7.274526529609076,-50.77773588292422,2.050036026182494e35,4.378304302318289
7.2676171421753395,-50.67773588292422,1.7632162096282455e35,4.336492174273991
7.260701116479179,-50.577735882924216,1.5165232129575428e35,4.295032257694536
7.253778433288476,-50.477735882924215,1.3043433896392817e35,4.253921883089727
7.246849073278792,-50.37773588292421,1.1218485277680087e35,4.2131583999911015
7.239913017031913,-50.27773588292421,9.648858859689944e34,4.172739176832057
7.232970245034409,-50.17773588292422,8.298831629857305e34,4.132661600835148
7.226020737678654,-50.077735882924216,7.1376859266186785e34,4.092923077900878
7.219064475261012,-49.977735882924215,6.139001701824453e34,4.053521032498307
7.212101437978428,-49.87773588292421,5.2800397154546295e34,4.014452907539229
7.2051316059392345,-49.77773588292421,4.54124836445708e34,3.9757161642673298
7.198154959144331,-49.67773588292422,3.905826977069473e34,3.937308282158353
7.191171477498558,-49.577735882924216,3.359314245556472e34,3.899226758821676
7.184181140807009,-49.477735882924215,2.8892673247288734e34,3.861469109855628
7.177183928784087,-49.37773588292421,2.484983438099765e34,3.8240328687090863
7.170179821036343,-49.27773588292421,2.1372662050849085e34,3.7869155866225195
7.16316879706447,-49.17773588292422,1.8382033579087876e34,3.750114832563129
7.156150836271506,-49.077735882924216,1.5809858205149147e34,3.713628193038903
7.149125917960488,-48.977735882924215,1.3597570915057857e34,3.6774532719478548
7.1420940213354305,-48.87773588292421,1.1694834582537892e34,3.641587690538715
7.135055125481339,-48.77773588292421,1.0058343314952322e34,3.606029087340185
7.128009209390584,-48.67773588292422,8.650837138395184e33,3.570775117969367
7.120956251945165,-48.577735882924216,7.440274108779562e33,3.535823455037954
7.11389623192332,-48.477735882924215,6.399105525377462e33,3.501171788061268
7.1068291279993,-48.37773588292421,5.503628921783069e33,3.4668178233474034
7.099754918732751,-48.27773588292421,4.73345288213476e33,3.4327592838768224
7.092673582569894,-48.17773588292422,4.071048006219834e33,3.3989939091999997
7.085585097853797,-48.077735882924216,3.501337776441616e33,3.3655194553381187
7.078489442826184,-47.977735882924215,3.0113498423706695e33,3.3323336946639794
7.0713865956205675,-47.87773588292421,2.589926007534307e33,3.2994344157887885
7.064276534237539,-47.77773588292421,2.227475399267962e33,3.2668194234625036
7.0571592365671165,-47.67773588292422,1.9157468211444847e33,3.2344865384700636
7.050034680397007,-47.577735882924216,1.6476409767882374e33,3.202433597513182
7.042902843418091,-47.477735882924215,1.4170525185266312e33,3.170658453102494
7.035763703179729,-47.37773588292421,1.2187337266642861e33,3.139158973457156
7.02861723711035,-47.27773588292421,1.0481691444520427e33,3.1079330423991887
7.021463422533785,-47.17773588292422,9.014737474776712e32,3.0769785592366072
7.01430223667627,-47.077735882924216,7.753068912562904e32,3.046293438657977
7.007133656619173,-46.977735882924215,6.66797212178989e32,3.0158756106313396
6.99995765931952,-46.87773588292421,5.734738181875308e32,2.9857230202982534
6.992774221631789,-46.77773588292421,4.932107827163866e32,2.955833627858851
6.985583320297067,-46.67773588292422,4.2418009248882455e32,2.926205408466906
6.978384931915718,-46.577735882924216,3.648106955756015e32,2.8968363521283256
6.971179032956471,-46.477735882924215,3.137506095119695e32,2.867724463596266
6.963965599791447,-46.37773588292421,2.6983658849586705e32,2.8388677622578102
6.956744608666121,-46.27773588292421,2.320682413740205e32,2.810264282028571
6.949516035681647,-46.17773588292422,1.995859723158472e32,2.7819120712510044
6.942279856813425,-46.077735882924216,1.716501156849437e32,2.7538091925911554
6.935036047922331,-45.977735882924215,1.4762423999894724e32,2.725953722927568
6.927784584752002,-45.87773588292421,1.2696084296275063e32,2.698343753244542
6.920525442889806,-45.77773588292421,1.091895208198039e32,2.670977388530426
6.913258597795903,-45.67773588292421,9.390570310442436e31,2.6438527476756626
6.905984024819088,-45.577735882924216,8.076119866925485e31,2.616967963365499
6.898701699166001,-45.477735882924215,6.945641089595898e31,2.590321181971389
6.891411595904412,-45.37773588292421,5.973383201480951e31,2.5639105634490926
6.884113689979875,-45.27773588292421,5.137219249635627e31,2.5377342812374053
6.876807956189958,-45.17773588292421,4.418102076919475e31,2.511790522155229
6.869494369196852,-45.077735882924216,3.799643813210005e31,2.4860774862932455
6.862172903521088,-44.977735882924215,3.2677459735002656e31,2.4605933869103236
6.854843533565916,-44.87773588292421,2.810298418660494e31,2.435336450332981
6.847506233600459,-44.77773588292421,2.4168883870543577e31,2.4103049158547667
6.840160977730732,-44.67773588292421,2.0785514867469484e31,2.3854970356328273
6.832807739904192,-44.577735882924216,1.7875743829634042e31,2.3609110745817516
6.825446493942739,-44.477735882924215,1.5373239037642244e31,2.3365453102729368
6.818077213553443,-44.37773588292421,1.3221038668952353e31,2.312398032835219
6.810699872292812,-44.27773588292421,1.1370143887441588e31,2.288467544855374
6.803314443536689,-44.17773588292421,9.778372304009912e30,2.264752161275863
6.795920900502534,-44.077735882924216,8.409424367356669e30,2.2412502092910875
6.788519216302461,-43.977735882924215,7.232085217427059e30,2.2179600282487364
6.78110936391545,-43.87773588292421,6.219556083107957e30,2.194879969552099
6.773691316140226,-43.77773588292421,5.34879203907078e30,2.1720083965623838
6.766265045589799,-43.67773588292421,4.599960871874005e30,2.1493436845005163
6.758830524746907,-43.577735882924216,3.9559896685514955e30,2.1268842203443463
6.751387725980291,-43.477735882924215,3.4021556114881204e30,2.1046284027295106
6.743936621503503,-43.37773588292421,2.925812661796276e30,2.0825746418542996
6.736477183334037,-43.27773588292421,2.5161254272069462e30,2.060721359384637
6.729009383300437,-43.17773588292421,2.163803029960992e30,2.0390669883590724
6.72153319310844,-43.077735882924216,1.8608338719183445e30,2.0176099730937436
6.714048584307275,-42.977735882924215,1.6002915473943485e30,1.9963487690856123
6.706555528306659,-42.87773588292421,1.3762323603438275e30,1.9752818429151326
6.699053996372383,-42.77773588292421,1.1835378596687678e30,1.9544076721539985
6.691543959571693,-42.67773588292421,1.0178122395742711e30,1.9337247452726296
6.6840253887695535,-42.577735882924216,8.752862994482559e29,1.913231561547516
6.676498254657397,-42.477735882924215,7.527214037411153e29,1.8929266309685557
6.668962527810846,-42.37773588292421,6.473217890713827e29,1.8728084741463789
6.661418178663797,-42.27773588292421,5.566847783858426e29,1.852875622221897
6.653865177447438,-42.17773588292421,4.7873921767652966e29,1.833126616779304
6.646303494194315,-42.077735882924216,4.117027484006489e29,1.8135600097569893
6.638733098759094,-41.977735882924215,3.54046958358945e29,1.7941743633579237
6.631153960841598,-41.87773588292421,3.044625327115663e29,1.7749682499600647
6.623566050015855,-41.77773588292421,2.6182440499388108e29,1.7559402520267449
6.6159693356470095,-41.67773588292421,2.251590993325214e29,1.7370889620185375
6.608363786826327,-41.577735882924216,1.936293195310951e29,1.71841298231525
6.6007493725077975,-41.477735882924215,1.665148910921094e29,1.6999109251302893
6.5931260615277845,-41.37773588292421,1.4319598258703262e29,1.6815814124247923
6.585493822543528,-41.27773588292421,1.2314091084763849e29,1.6634230758249178
6.577852623981627,-41.17773588292421,1.0589396383021062e29,1.6454345565391568
6.57020243411111,-41.077735882924216,9.106322368297162e28,1.6276145052756437
6.56254322100523,-40.977735882924215,7.830991970731335e28,1.6099615821607596
6.55487495250261,-40.87773588292421,6.7343076088741785e28,1.5924744566615956
6.5471975962874245,-40.77773588292421,5.791199629698508e28,1.5751518075058974
6.5395111198307045,-40.67773588292421,4.980110182614696e28,1.5579923226046117
6.531815490407497,-40.577735882924216,4.28255645215617e28,1.5409946989752066
6.524110675116337,-40.477735882924215,3.6826938906646752e28,1.524157642664987
6.516396640916116,-40.37773588292421,3.166879886678072e28,1.5074798686744313
6.508673354551545,-40.27773588292421,2.723325263524089e28,1.4909601008824949
6.500940782431012,-40.17773588292421,2.34190862406684e28,1.4745970719746686
6.4931988907835105,-40.077735882924216,2.0139058668788744e28,1.4583895233690463
6.485447645707763,-39.977735882924215,1.7318189509022345e28,1.4423362051456006
6.477687013116281,-39.87773588292421,1.4892214421363318e28,1.4264358759759312
6.469916958720519,-39.77773588292421,1.2806040603255917e28,1.4106873030530038
6.462137447986825,-39.67773588292421,1.1012205060330013e28,1.395089262020911
6.4543484461762075,-39.577735882924216,9.469692068417209e27,1.379640536906831
6.44654991826918,-39.477735882924215,8.143296751331227e27,1.3643399200551949
6.438741829082445,-39.37773588292421,7.002667380280535e27,1.349186212060131
6.43092414328267,-39.27773588292421,6.021718182989541e27,1.3341782217014757
6.423096825224915,-39.17773588292421,5.178094898108243e27,1.3193147658812014
6.415259838998805,-39.07773588292421,4.452640329621753e27,1.3045946695598452
6.4074131485565085,-38.977735882924215,3.8288600427906594e27,1.2900167656929407
6.399556717692043,-38.87773588292421,3.2924850989386054e27,1.2755798951691284
6.39169050990721,-38.77773588292421,2.8312724817838884e27,1.261282906751068
6.383814488454243,-38.67773588292421,2.4346667303118507e27,1.2471246570138113
6.375928616309624,-38.57773588292421,2.0935890326027385e27,1.2331040102872854
6.368032856209749,-38.477735882924215,1.8002576663792135e27,1.219219838599522
6.360127170682848,-38.37773588292421,1.5480084395537576e27,1.2054710216198772
6.352211522111112,-38.27773588292421,1.331115130776288e27,1.1918564466022632
6.344285872690826,-38.17773588292421,1.144620867033931e27,1.1783750083289317
6.336350184298269,-38.07773588292421,9.842634947170038e26,1.165025609057905
6.328404418423398,-37.977735882924215,8.46376363367882e26,1.1518071584674436
6.320448536335172,-37.87773588292421,7.277998064775452e26,1.13871857360365
6.312482499123268,-37.77773588292421,6.258226154526037e26,1.1257587788303887
6.304506267579857,-37.67773588292421,5.381236962208026e26,1.1129267057792087
6.296519802315406,-37.57773588292421,4.6271372583657746e26,1.1002212932992705
6.288523063790564,-37.477735882924215,3.978768800978899e26,1.087641487407282
6.2805160122033215,-37.37773588292421,3.421274095508095e26,1.07518624123897
6.272498607369763,-37.27773588292421,2.941920256241095e26,1.0628545150016613
6.264470808722233,-37.17773588292421,2.5297278418073214e26,1.0506452759256115
6.256432575495685,-37.07773588292421,2.1752550601432513e26,1.0385574982194146
6.248383866693386,-36.977735882924215,1.870410894336827e26,1.0265901630258945
6.240324641077185,-36.87773588292421,1.608268228471759e26,1.0147422583779977
6.23225485721926,-36.77773588292421,1.3828769734720425e26,1.0030127791546914
6.224174473455618,-36.67773588292421,1.1890853333350993e26,0.9914007270370667
6.21608344773685,-36.57773588292421,1.0224580063716768e26,0.9799051104663506
6.207981737638343,-36.477735882924215,8.791844676100565e25,0.9685249446009502
6.199869300442051,-36.37773588292421,7.559811937180739e25,0.9572592512756382
6.191746093210321,-36.27773588292421,6.500303417112431e25,0.9461070589624213
6.183612072670818,-36.17773588292421,5.589189604824036e25,0.935067402731419
6.175467195338305,-36.07773588292421,4.805782023314176e25,0.9241393242117452
6.16731141756293,-35.977735882924215,4.132228165528954e25,0.9133218715524126
6.1591446954386395,-35.87773588292421,3.5530952271096015e25,0.9026140993843907
6.150966984606455,-35.77773588292421,3.055148014603572e25,0.8920150687830789
6.142778240284127,-35.67773588292421,2.6269758671299794e25,0.8815238472309054
6.1345784173675675,-35.57773588292421,2.258774561943777e25,0.8711395085821627
6.126367470480998,-35.477735882924215,1.9421446507579683e25,0.8608611330280046
6.118145353976281,-35.37773588292421,1.6698897960657121e25,0.8506878070614406
6.109912022014729,-35.27773588292421,1.4358151205556195e25,0.8406186234423374
6.101667428520658,-35.17773588292421,1.2345582125169342e25,0.8306526811629381
6.0934115270850295,-35.07773588292421,1.061518562201696e25,0.8207890854144059
6.0851442708280405,-34.977735882924215,9.127321404103353e24,0.8110269475527601
6.076865612460574,-34.87773588292421,7.847895855281117e24,0.8013653850667756
6.068575504354151,-34.77773588292421,6.747685454689092e24,0.7918035215462566
6.060273898505505,-34.67773588292421,5.801660196189228e24,0.7823404866503014
6.051960746646667,-34.57773588292421,4.988307007804023e24,0.772975416075573
6.043636000318873,-34.47773588292421,4.2890077815820626e24,0.7637074515247722
6.035299610874382,-34.37773588292421,3.6877649239023083e24,0.7545357406760649
6.026951529295774,-34.27773588292421,3.170810385500048e24,0.7454594371519526
6.018591706056438,-34.17773588292421,2.72629255382344e24,0.7364777004895039
6.01022009107989,-34.07773588292421,2.3440476526253242e24,0.7275896961111061
6.001836633824341,-33.97773588292421,2.015371261679006e24,0.718794595295222
5.993441283488064,-33.87773588292421,1.7327898364940084e24,0.7100915751471447
5.985033989076746,-33.77773588292421,1.4898413005166182e24,0.7014798185698248
5.976614699407033,-33.67773588292421,1.2809628172801005e24,0.6929585142353472
5.968183363060096,-33.57773588292421,1.1013727737270018e24,0.6845268565560969
5.9597399280452725,-33.47773588292421,9.469524493933722e23,0.676184045656725
5.951284341866131,-33.37773588292421,8.141679767892639e23,0.6679292873466892
5.942816551382098,-33.27773588292421,6.99992862040049e23,0.6597617930928006
5.93433650307283,-33.17773588292421,6.018305055278301e23,0.6516807799917738
5.925844143216182,-33.07773588292421,5.1743815697747853e23,0.6436854707427946
5.9173394178707985,-32.97773588292421,4.44881963125031e23,0.6357750936204447
5.908822272803116,-32.87773588292421,3.8250128738574605e23,0.6279488824474839
5.900292653425378,-32.77773588292421,3.288651112282092e23,0.6202060765680681
5.891750504553122,-32.67773588292421,2.8274504683812096e23,0.612545920821496
5.883195770519397,-32.57773588292421,2.430889889775907e23,0.6049676655159635
5.874628394979863,-32.47773588292421,2.0899476684445385e23,0.597470566402322
5.866048321249997,-32.37773588292421,1.7968400004510962e23,0.5900538846478416
5.85745549236132,-32.27773588292421,1.5448462710425558e23,0.5827168868101188
5.848849851038523,-32.17773588292421,1.3281991330571266e23,0.5754588448108974
5.840231339772414,-32.07773588292421,1.1419276848553753e23,0.5682790359101346
5.8315999005358705,-31.97773588292421,9.817629821098733e22,0.561176742680488
5.822955474661956,-31.87773588292421,8.440482555606921e22,0.55415125298182
5.814298003026563,-31.777735882924212,7.2564912877095765e22,0.5472018599357054
5.80562742600902,-31.67773588292421,6.238640742643725e22,0.5403278618999355
5.796943683414581,-31.57773588292421,5.3635829788038385e22,0.533528562443056
5.788246714670508,-31.47773588292421,4.611288291833081e22,0.5268032703187808
5.779536458969419,-31.37773588292421,3.9644928745218425e22,0.5201512994405767
5.77081285516206,-31.277735882924212,3.408364361008802e22,0.5135719688565573
5.762075841326077,-31.17773588292421,2.930195426121633e22,0.5070646027243945
5.753325354912365,-31.07773588292421,2.5190973847180465e22,0.5006285302862323
5.744561333083336,-30.97773588292421,2.1656939773074833e22,0.4942630858435997
5.735783712690038,-30.87773588292421,1.8618766233214848e22,0.4879676087322987
5.726992429914428,-30.777735882924212,1.6006892568914294e22,0.48174144329712154
5.7181874204321765,-30.67773588292421,1.3761373953155079e22,0.4755839388666972
5.709368619554381,-30.57773588292421,1.1830686591300632e22,0.4694944497285674
5.700535961961984,-30.47773588292421,1.0170680807967043e22,0.4634723351042755
5.6916893814046325,-30.37773588292421,8.743534133894431e21,0.4575169591244549
5.6828288112569405,-30.277735882924212,7.51670443989492e21,0.45162769080392057
5.673954184612344,-30.17773588292421,6.462040181109693e21,0.4458039040167203
5.665065434286305,-30.07773588292421,5.555384709710808e21,0.4400449774709751
5.656162492596269,-29.97773588292421,4.775927570464313e21,0.4343502946838186
5.647245291200065,-29.87773588292421,4.105774507957079e21,0.42871924395651945
5.638313761125762,-29.777735882924212,3.5295893968807207e21,0.4231512183496145
5.629367832232601,-29.67773588292421,3.0342361723151434e21,0.41764561565803887
5.620407433771874,-29.57773588292421,2.6084207600124397e21,0.4122018383862593
5.611432494688564,-29.47773588292421,2.2423724506740509e21,0.40681929372337544
5.602442943650843,-29.37773588292421,1.9277027110201e21,0.40149739351799807
5.593438709059509,-29.277735882924212,1.657188392316608e21,0.396235554253189
5.584419718945442,-29.17773588292421,1.424616117438465e21,0.39103319702157
5.5753859005649655,-29.07773588292421,1.2246597037374426e21,0.3858897475004431
5.566337179992129,-28.97773588292421,1.0527575862318845e21,0.3808046359269079
5.557273482061078,-28.87773588292421,9.049902407964172e20,0.3757772970729799
5.548194731215139,-28.777735882924212,7.779674433873657e20,0.3708071702206911
5.539100851610303,-28.67773588292421,6.687764898169251e20,0.36589369913699266
5.529991767116313,-28.57773588292421,5.7491075464263624e20,0.36103633204866564
5.520867401314227,-28.47773588292421,4.942132417197998e20,0.3562345216174158
5.511727677429548,-28.37773588292421,4.248345721181413e20,0.35148772491498176
5.502572517484106,-28.277735882924212,3.651909886157214e20,0.3467954033982458
5.493401841865792,-28.17773588292421,3.139223601928063e20,0.34215702288434147
5.484215570399576,-28.077735882924216,2.6985262551205337e20,0.33757205352575564
5.475013622383598,-27.977735882924215,2.3197057385493574e20,0.3330399697852849
5.465795916753432,-27.877735882924217,1.994064909682619e20,0.3285602504109473
5.456562372100263,-27.777735882924215,1.7141172921511425e20,0.32413237841109505
5.447312906688384,-27.677735882924217,1.4734427811353166e20,0.31975584102956234
5.438047438204512,-27.577735882924216,1.2665436521650638e20,0.315430129720811
5.428765882606563,-27.477735882924215,1.0887005699199548e20,0.3111547401250785
5.419468154500908,-27.377735882924217,9.358346116284137e19,0.3069291720435234
5.410154168117181,-27.277735882924215,8.044358146714658e19,0.30275292941329296
5.40082383723194,-27.177735882924217,6.914870687571624e19,0.29862552028250366
5.391477075036777,-27.077735882924216,5.94390545054441e19,0.29454645678543445
5.382113794352955,-26.977735882924215,5.1091800636726166e19,0.29051525511778625
5.3727339074856,-26.877735882924217,4.391613985437866e19,0.2865314355119407
5.363337325596693,-26.777735882924215,3.774834418855698e19,0.2825945222122186
5.3539239582141285,-26.677735882924217,3.24469699165415e19,0.2787040434501434
5.3444937137278785,-26.577735882924216,2.7890211874616103e19,0.2748595314196915
5.335046500097487,-26.477735882924215,2.3973421464828985e19,0.27106052225243377
5.325582224928581,-26.377735882924217,2.0606473356699984e19,0.2673065559928883
5.316100795393124,-26.277735882924215,1.771204959580901e19,0.26359717657397896
5.3066021178909235,-26.177735882924217,1.5223942909201973e19,0.25993193179249724
5.297086097742421,-26.077735882924216,1.3085360010795047e19,0.2563103732845611
5.287552638846146,-25.977735882924215,1.1247261074213847e19,0.2527320565010827
5.278001643891799,-25.877735882924217,9.667386787635649e18,0.2491965406832832
5.26843301448324,-25.777735882924215,8.309445966853937e18,0.24570338883809598
5.258846651721324,-25.677735882924217,7.142178935887464e18,0.24225216771376606
5.249242456324762,-25.577735882924216,6.138763439803929e18,0.23884244777560248
5.239620328522529,-25.477735882924215,5.276231541930537e18,0.23547380318173552
5.229980167443173,-25.377735882924217,4.534886521064115e18,0.23214581175887306
5.22032187073643,-25.277735882924215,3.897728638104061e18,0.2288580549780631
5.210645334445137,-25.177735882924217,3.3501001633827277e18,0.22561011793055685
5.200950453897628,-25.077735882924216,2.879417916261838e18,0.22240158930357634
5.191237123223991,-24.977735882924215,2.4748421029211023e18,0.21923206135624762
5.181505235443625,-24.877735882924217,2.127070166180893e18,0.21610112989573926
5.17175468481533,-24.777735882924215,1.8281362298236027e18,0.2130083942534072
5.161985362227055,-24.677735882924217,1.571210542915102e18,0.20995345726094033
5.152197158603079,-24.577735882924216,1.350401113293996e18,0.206935925226511
5.142389963692756,-24.477735882924215,1.160625240511152e18,0.2039554079110653
5.132563665605943,-24.377735882924217,9.975208213011418e17,0.20101151850455015
5.122718150859457,-24.277735882924215,8.573298811856468e17,0.19810387360226545
5.112853304938937,-24.177735882924217,7.368269175146614e17,0.19523209318147358
5.102969012788359,-24.077735882924216,6.332498623130418e17,0.19239580057801767
5.0930651587896065,-23.977735882924215,5.442310451271286e17,0.1895946224629412
5.083141626208683,-23.877735882924217,4.6772870370946675e17,0.18682818881911223
5.07319829689413,-23.777735882924215,4.019808502982016e17,0.18409613291801485
5.0632350511747,-23.677735882924217,3.45475626102995e17,0.18139809129651852
5.053251767767443,-23.577735882924216,2.969105251004996e17,0.17873370373372968
5.043248323395046,-23.477735882924215,2.551674593413461e17,0.17610261322814566
5.033224594060355,-23.377735882924217,2.192889741649311e17,0.1735044659748227
5.023180455282239,-23.277735882924215,1.8845446341420832e17,0.17093891134254416
5.013115781982689,-23.177735882924217,1.61956524999412e17,0.1684056018509943
5.0030304474744955,-23.077735882924216,1.3918451321954954e17,0.16590419314811802
4.992924323173789,-22.977735882924215,1.196145514558256e17,0.16343434398750106
4.982797279337133,-22.877735882924217,1.0279530879766005e17,0.16099571620579242
4.97264918376206,-22.777735882924215,8.833931966307515e16,0.15858797470046504
4.9624799029136115,-22.677735882924217,7.59147822746473e16,0.15621078740759825
4.952289302358427,-22.577735882924216,6.523735713545053e16,0.15386382527965872
4.942077247106129,-22.477735882924215,5.606200275540561e16,0.15154676226328684
4.931843601265728,-22.377735882924213,4.817715057533253e16,0.14925927527728305
4.921588226307447,-22.277735882924215,4.140131530739475e16,0.14700104419065407
4.911310982286659,-22.177735882924214,3.557814780340045e16,0.14477175180066562
4.901011727096953,-22.077735882924216,3.0573413772174016e16,0.1425710838112638
4.890690316886637,-21.977735882924215,2.6272163175412036e16,0.14039872881152138
4.880346607130036,-21.877735882924213,2.257589962354232e16,0.13825437825408507
4.869980452136151,-21.777735882924215,1.9399760154461464e16,0.13613772643362573
4.859591705063743,-21.677735882924214,1.6670464821006748e16,0.13404847046549861
4.849180216959123,-21.577735882924216,1.4325158573886908e16,0.13198631026449895
4.838745836536566,-21.477735882924215,1.2309694212894658e16,0.1299509485235937
4.828288410443999,-21.377735882924213,1.0577581585983994e16,0.12794209069304366
4.817807782872668,-21.277735882924215,9.089009760775778e15,0.12595944495955516
4.807303797010198,-21.177735882924214,7.809869196063504e15,0.12400272222543188
4.796776295425594,-21.077735882924216,6.710776994941852e15,0.12207163608773056
4.786225119924123,-20.977735882924215,5.766359260181188e15,0.12016590281763267
4.775650109861655,-20.877735882924213,4.954853094000762e15,0.11828524133993917
4.765051102068979,-20.777735882924215,4.2575115459107535e15,0.11642937321252037
4.754427930662603,-20.677735882924214,3.6582385822619135e15,0.11459802260616797
4.743780426982934,-20.577735882924216,3.143250979235244e15,0.11279091628448183
4.733108420425683,-20.477735882924215,2.700740215831333e15,0.1110077835837559
4.722411739649564,-20.377735882924213,2.320535352454038e15,0.10924835639286794
4.711690212622678,-20.277735882924215,1.993853210225456e15,0.10751236913339145
4.70094366555144,-20.177735882924214,1.7131608855578122e15,0.1057995587398491
4.6901719218252955,-20.077735882924216,1.4719697555036185e15,0.10410966463990852
4.679374802348839,-19.977735882924215,1.264708865225515e15,0.1024424287349856
4.668552125054449,-19.877735882924213,1.0866079075881241e15,0.10079759538088486
4.657703704415976,-19.777735882924215,9.335802027498141e14,0.0991749113684392
4.646829353488439,-19.677735882924214,8.021060200303381e14,0.09757412590415276
4.635928884521481,-19.577735882924216,6.891460722712554e14,0.0959949905910729
4.625002108196028,-19.477735882924215,5.920937948642424e14,0.09443725940981315
4.6140488320404085,-19.377735882924213,5.087040976668195e14,0.09290068869951285
4.603068861300268,-19.277735882924215,4.370495232508788e14,0.09138503713920457
4.59206199906041,-19.177735882924214,3.754797061431255e14,0.08989006572921822
4.5810280443596,-19.077735882924216,3.225808320655419e14,0.08841553777258548
4.56996679316649,-18.977735882924215,2.7713522643209628e14,0.08696121885644693
4.558878040369269,-18.877735882924213,2.380915609850045e14,0.08552687683369524
4.547761579231784,-18.777735882924215,2.0454821024324156e14,0.08411228180477107
4.536617199264958,-18.677735882924214,1.757286317137947e14,0.08271720609939626
4.52544468701956,-18.577735882924216,1.509662107718083e14,0.08134142425871072
4.514243827319051,-18.477735882924215,1.2969020178433997e14,0.07998471301744367
4.503014403165324,-18.377735882924213,1.1141166923413114e14,0.07864685128608553
4.491756191943676,-18.277735882924215,9.570948165604556e13,0.07732762013306323
4.480468968579647,-18.177735882924214,8.222010865969406e13,0.07602680276715934
4.469152506727125,-18.077735882924216,7.063178583932102e13,0.07474418452007707
4.45780657598338,-17.977735882924215,6.067601807831406e13,0.07347955282895097
4.44643094184671,-17.877735882924213,5.2122348796123305e13,0.07223269721925137
4.435025367714127,-17.777735882924215,4.4773479699662695e13,0.07100340928772028
4.423589615902108,-17.677735882924214,3.846039053471218e13,0.06979148268530734
4.412123445248904,-17.577735882924216,3.3037481945795824e13,0.06859671310011109
4.400626609386242,-17.477735882924215,2.8379102905922836e13,0.06741889824057347
4.3890988591892235,-17.377735882924213,2.4377492726947297e13,0.0662578378188041
4.377539941155568,-17.277735882924215,2.0939854110639625e13,0.065113333533867
4.365949596760924,-17.177735882924214,1.798654990823707e13,0.06398518905544534
4.354327565172722,-17.077735882924216,1.5449407344839502e13,0.06287321000753433
4.342673584325986,-16.977735882924208,1.3270022243803371e13,0.06177720395213345
4.330987389869538,-16.877735882924206,1.1398073936627395e13,0.06069698037294612
4.319268712514262,-16.77773588292421,9.790151460783803e12,0.05963235065934396
4.307517278993729,-16.677735882924207,8.40902268068866e12,0.05858312809043659
4.295732810270232,-16.57773588292421,7.222628706462649e12,0.057549127819127986
4.2839150200142075,-16.477735882924208,6.203462660694219e12,0.0565301668565307
4.2720636190858325,-16.377735882924206,5.327979843509715e12,0.05552606405640337
4.260178317082518,-16.27773588292421,4.576007897643047e12,0.05453664009958786
4.248258822239814,-16.177735882924207,3.930162123196948e12,0.053561717478455284
4.236304838467854,-16.07773588292421,3.3754517467078203e12,0.05260112048163139
4.224316064930651,-15.977735882924208,2.8990183146725215e12,0.05165467517879466
4.212292193972218,-15.877735882924208,2.48979149915781e12,0.05072220940549205
4.200232908626383,-15.777735882924208,2.1382750740259124e12,0.04980355274828825
4.188137887562998,-15.677735882924207,1.8363415498618013e12,0.04889853652993279
4.17600680777266,-15.577735882924207,1.5770268089004397e12,0.04800699379452704
4.163839344875148,-15.477735882924208,1.3543272937878562e12,0.047128759292703305
4.151635171482388,-15.377735882924208,1.1630690635457515e12,0.04626366946709745
4.1393939540597255,-15.277735882924208,9.988133667221659e11,0.04541156243785681
4.127115353397685,-15.177735882924207,8.577394055408207e11,0.044572277988202284
4.114799016963234,-15.077735882924207,7.365705418705027e11,0.04374565755029543
4.102444586829911,-14.977735882924208,6.325027237092753e11,0.0429315441911179
4.090051702935382,-14.877735882924208,5.43132911668713e11,0.04212978259835113
4.077620002693456,-14.777735882924208,4.6638853888603986e11,0.041340219066265546
4.065149121583737,-14.677735882924207,4.004824276166241e11,0.04056270148187286
4.052638688860413,-14.577735882924207,3.4388447210457715e11,0.039797079311274214
4.040088325333167,-14.477735882924208,2.952807280715696e11,0.03904320358594466
4.027497638408969,-14.377735882924208,2.5354262306456003e11,0.038300926889159044
4.014866229637242,-14.277735882924208,2.1770082265278412e11,0.037570103342513095
4.002193697281615,-14.177735882924207,1.8692291620745517e11,0.03685058859257834
3.9894796360967355,-14.077735882924207,1.6049374977491553e11,0.03614223979760162
3.9767236370290417,-13.977735882924208,1.3779904130776373e11,0.03544491561432414
3.963925285136492,-13.877735882924208,1.1831159728531265e11,0.03475847618494758
3.951084153011897,-13.777735882924208,1.0157847057704092e11,0.03408278312414649
3.9381998010171113,-13.677735882924207,8.721049137680925e10,0.033417699506142304
3.925271784084737,-13.577735882924207,7.48734308544922e10,0.032763089851911564
3.9122996500378164,-13.477735882924208,6.428051741511873e10,0.03211882011656309
3.899282941254553,-13.377735882924208,5.5185359811193954e10,0.03148475767674186
3.8862211978907144,-13.277735882924208,4.73762674268653e10,0.030860771318071693
3.873113956542473,-13.177735882924207,4.067142201816424e10,0.03024673122273323
3.8599607357902315,-13.077735882924207,3.491482956662406e10,0.02964250895722465
3.8467610370473917,-12.977735882924208,2.997249961194296e10,0.029047977460151836
3.8335143631689697,-12.877735882924206,2.5729308709454525e10,0.02846301103005899
3.820220197441091,-12.777735882924208,2.2086374942603146e10,0.027887485313365944
3.806878036139353,-12.677735882924207,1.8958859644471188e10,0.027321277292498763
3.793487356769181,-12.577735882924207,1.6273913098423706e10,0.026764265274060155
3.780047621052044,-12.477735882924208,1.3968941425643229e10,0.026216328877038883
3.7665582807288986,-12.377735882924206,1.199018192463678e10,0.025677349021105904
3.7530187786586753,-12.277735882924208,1.0291504603660889e10,0.02514720791510474
3.739428552046774,-12.177735882924207,8.83330995119703e9,0.02462578904559466
3.725787029103577,-12.077735882924207,7.58157321426012e9,0.024112977165431065
3.7120936268717557,-11.977735882924208,6.5070710531025505e9,0.02360865828241855
3.698347743000258,-11.877735882924206,5.584727009046239e9,0.023112719648151637
3.6845487666629726,-11.777735882924208,4.793020325417883e9,0.022625049746923594
3.670696079421713,-11.677735882924207,4.1134606148400755e9,0.022145538284669135
3.656789047810399,-11.577735882924207,3.530167478390363e9,0.02167407617797181
3.642827023598069,-11.477735882924208,3.029512881819231e9,0.021210555543246752
3.6288093512004913,-11.377735882924208,2.599803839797611e9,0.020754869686007055
3.6147353693180664,-11.277735882924208,2.2309946723771734e9,0.020306913090160934
3.600604397426883,-11.177735882924207,1.9144581208572223e9,0.019866581407368748
3.586415730323017,-11.077735882924207,1.6427900182940583e9,0.0194337714465607
3.5721686530160026,-10.977735882924208,1.409638726245123e9,0.01900838116355206
3.5578624418048967,-10.877735882924208,1.2095480522000208e9,0.018590309650686664
3.543496357005619,-10.777735882924208,1.0378324513018352e9,0.018179457126537766
3.529069643308338,-10.677735882924207,8.904704284778146e8,0.017775724925753644
3.514581531232409,-10.577735882924207,7.64012693742835e8,0.017379015489012568
3.500031237584377,-10.477735882924208,6.554966576633074e8,0.016989232353003966
3.4854179608461653,-10.377735882924208,5.623783137031827e8,0.01660628014046574
3.4707408803387594,-10.277735882924208,4.8247412808907676e8,0.016230064550350608
3.4559991558349417,-10.177735882924207,4.139114899921885e8,0.01586049234811046
3.4411919307606462,-10.077735882924207,3.550822792639914e8,0.015497471356005928
3.426318331902264,-9.977735882924208,3.046056631283216e8,0.015140910443470618
3.4113774669704426,-9.877735882924208,2.6129645686269835e8,0.01479071951759005
3.3963684175279703,-9.777735882924208,2.2413834382649115e8,0.01444680951370349
3.3812902545343633,-9.677735882924207,1.922587067347446e8,0.014109092386030619
3.3661420336366135,-9.577735882924207,1.6490830472175485e8,0.013777481098350908
3.3509227839420612,-9.477735882924208,1.4144406748071074e8,0.01345188961478446
3.3356315024212186,-9.377735882924208,1.2131459899871984e8,0.013132232890696668
3.3202671641094925,-9.277735882924208,1.0404655222447366e8,0.012818426863627776
3.30482872996647,-9.177735882924207,8.923352974789484e7,0.012510388444271492
3.289315136900882,-9.077735882924207,7.652673737759876e7,0.01220803550754315
3.273725291814759,-8.977735882924208,6.562712756383008e7,0.01191128688376775
3.2580580777360435,-8.877735882924208,5.627802881958464e7,0.011620062349892888
3.2423123618543155,-8.777735882924208,4.82590877240932e7,0.011334282620744913
3.2264869800225657,-8.677735882924207,4.1381196274152175e7,0.011053869340362576
3.210580732319631,-8.577735882924207,3.548223044787665e7,0.010778745073441334
3.194592380312473,-8.477735882924208,3.0423064175903104e7,0.010508833296801327
3.1785206698421478,-8.377735882924208,2.6084266489210296e7,0.010244058390889713
3.162364315876255,-8.277735882924208,2.2363349818031836e7,0.00998434563134648
3.14612200806355,-8.177735882924207,1.9172457840968195e7,0.009729621180664717
3.1297923949544035,-8.077735882924207,1.6436209579537023e7,0.009479812079871202
3.113374100223229,-7.9777358829242075,1.4089901093514802e7,0.009234846240227506
3.096865700625674,-7.877735882924208,1.2078013260900194e7,0.008994652434975983
3.080265741144901,-7.777735882924207,1.0352957294454545e7,0.008759160291154157
3.0635727272380313,-7.677735882924207,8.873908265528956e6,0.008528300281422187
3.046785129143373,-7.577735882924207,7.605827415954372e6,0.008302003715889317
3.0299013731126223,-7.4777358829242075,6.518653138280554e6,0.008080202733957684
3.0129198540705415,-7.377735882924207,5.586620506511307e6,0.007862830296193623
2.9958389297201666,-7.277735882924207,4.787629825586627e6,0.007649820176198772
2.978656899504564,-7.177735882924208,4.102715893720534e6,0.007441106952445718
2.9613720063023923,-7.077735882924207,3.51560949289598e6,0.007236626000088304
2.943982456554762,-6.9777358829242075,3.012368417281672e6,0.007036313482735304
2.9264864272037734,-6.877735882924207,2.5810354575345675e6,0.006840106344201311
2.9088820275246245,-6.777735882924207,2.211350731816487e6,0.006647942300166504
2.8911672998038256,-6.677735882924207,1.8945140689723443e6,0.006459759829742964
2.8733402410516984,-6.577735882924207,1.6229850244542728e6,0.006275498166904004
2.8553988229325302,-6.4777358829242075,1.390297529909325e6,0.006095097291854113
2.8373409418108597,-6.377735882924207,1.190904213222411e6,0.005918497922216853
2.8191643961711073,-6.277735882924207,1.020047682779873e6,0.005745641504020037
2.800866924419118,-6.177735882924207,873652.1793467676,0.005576470202387425
2.7824462437098445,-6.077735882924207,748223.0794409116,0.0054109268921134065
2.7639000040437027,-5.9777358829242075,640762.7765867685,0.005248955147906995
2.7452257360552723,-5.877735882924208,548700.9843218887,0.00509049923425763
2.726420887007027,-5.777735882924207,469836.0540173363,0.004935504094766558
2.7074828823109938,-5.677735882924208,402280.46741166635,0.004783915341271598
2.6884090721316705,-5.577735882924207,344415.45536748855,0.004635679242399786
2.669196657861187,-5.4777358829242075,294853.2769651514,0.0044907427114614495
2.6498427236971613,-5.377735882924208,252405.44179906396,0.00434905329344658
2.630344329814566,-5.277735882924207,216053.14366688795,0.004210559151676013
2.6106984909670548,-5.177735882924208,184922.81408436142,0.004075209053493706
2.5909019509259776,-5.077735882924207,158265.72081372145,0.003942952354856697
2.570951453260129,-4.9777358829242075,135440.75735469392,0.0038137389834982894
2.550843637879436,-4.877735882924208,115898.41060431214,0.003687519421529575
2.53057497656905,-4.777735882924207,99167.60817951601,0.0035642446864787786
2.5101417476216756,-4.677735882924208,84844.6951224842,0.0034438663105362624
2.4895401650029676,-4.577735882924207,72584.10756418719,0.0033263363176433873
2.46876633959548,-4.4777358829242075,62089.68699543264,0.003211607199676312
2.4478161427011846,-4.377735882924208,53107.61013576865,0.0030996318901646554
2.4266851843209523,-4.277735882924207,45420.44113048141,0.002990363735168078
2.4053689983732056,-4.177735882924208,38842.07214056676,0.0028837564610761615
2.3838630066922377,-4.077735882924207,33213.02499817613,0.002779764140958361
2.3621622829557474,-3.9777358829242075,28396.653041943817,0.002678341157173726
2.3402615227868973,-3.8777358829242075,24275.93688294313,0.002579442159662142
2.3181553331792424,-3.7777358829242074,20750.735704198676,0.002483022020159926
2.2958381868892976,-3.6777358829242073,17735.251551600108,0.002389035784143052
2.273304028338347,-3.577735882924207,15155.989622616467,0.002297438617399725
2.2505462362488142,-3.4777358829242075,12950.034717538114,0.0022081857465412833
2.2275580950517826,-3.3777358829242075,11063.555368729685,0.0021212323946891813
2.2043327204546497,-3.2777358829242074,9450.43951541759,0.0020365337138491895
2.1808623766538426,-3.1777358829242073,8071.199191004666,0.0019540447102825032
2.1571384818337016,-3.077735882924207,6892.044630503931,0.001873720162818144
2.13315234609162,-2.9777358829242075,5884.068835431539,0.0017955145366006968
2.1088950904908277,-2.8777358829242075,5022.516389174251,0.001719381893013082
2.0843558100222435,-2.7777358829242074,4286.195133700109,0.0016452757924659445
2.059524030136515,-2.6777358829242073,3656.979154946749,0.0015731491935248808
2.0343875094087007,-2.577735882924207,3119.363726604436,0.0015029543504373759
2.0089331042641474,-2.4777358829242075,2660.075275711223,0.0014346427102156618
1.9831468450418477,-2.3777358829242075,2267.7552227100878,0.001368164809548923
1.9570137152444769,-2.2777358829242074,1932.6931291752,0.0013034701870256826
1.9305163657604183,-2.1777358829242073,1646.5837865009307,0.0012405073038502417
1.903636070406236,-2.077735882924207,1402.3201567131855,0.0011792234836508527
1.8763530020279529,-1.9777358829242075,1193.8234115234518,0.0011195648869634825
1.8486454811866029,-1.877735882924207,1015.8993748202868,0.0010614765657503712
1.8204887047867784,-1.7777358829242074,864.1068058247552,0.0010049025739101297
1.7918559791338229,-1.6777358829242077,734.6471832650222,0.0009497861395740708
1.762719506378783,-1.5777358829242072,624.2706998655294,0.0008960699478674702
1.7330488581772148,-1.4777358829242075,530.2029923811072,0.0008436968760439741
1.702811309406215,-1.377735882924207,450.0756679105824,0.0007926108023903757
1.6719717519360593,-1.2777358829242074,381.86205873595316,0.0007427576898365353
1.6404938490932537,-1.1777358829242068,323.82964034874533,0.0006940870539784326
1.6083418552081774,-1.0777358829242072,274.49637382791695,0.0006465539352011309
1.575487533182116,-0.9777358829242075,232.59738348419603,0.0006001223949166628
1.5419016324823804,-0.877735882924207,197.05329337963786,0.0005547691892729915
1.5075617250585616,-0.7777358829242074,166.93935023283814,0.00051048758695903
1.4724526455657463,-0.6777358829242068,141.46322817934552,0.00046729279995724076
1.4365833942345514,-0.5777358829242072,119.94686538941386,0.0004252281299864342
1.3999785068172077,-0.47773588292420754,101.8087644232078,0.00038437071288940856
1.3626932322569143,-0.37773588292420757,86.54961450858372,0.00034483630479334904
1.3248200529686054,-0.27773588292420753,73.74000133318229,0.0003067820123206328
1.286488003142093,-0.1777358829242075,63.01005750259415,0.0002704049811699671
1.2478728891627977,-0.07773588292420752,54.041115452447286,0.00023593349197477813
1.209188749799102,0.022264117075792456,46.558341135827,0.00020361436492190126
1.170700748122064,0.12226411707579254,40.324675360345,0.00017368883515632893
1.1326723767149556,0.22226411707579252,35.136150713933375,0.00014636655582778578
1.0953646020338539,0.3222641170757925,30.818204211414535,0.00012180314313949745
1.0590615476855927,0.4222641170757925,27.22205360704904,0.000100078026886632
1.0240103772544433,0.5222641170757925,24.221557697827592,0.00008118018696367973
0.990460103078636,0.6222641170757925,21.7107700813043,0.0000650106832585881
0.9585414674163477,0.7222641170757926,19.60141717769069,0.000051395533357363685
0.9283802615398784,0.8222641170757925,17.820649561827345,0.00004010607531387662
0.9000363989736773,0.9222641170757926,16.3088162429819,0.00003087974655883136
0.87355084904123,1.0222641170757925,15.017286333501342,0.00002344052111035937
0.8488853533771614,1.1222641170757925,13.906623404283792,0.000017517350036163085
0.8260094015396025,1.2222641170757926,12.944858925441544,0.00001285891486376479
0.8048634891254327,1.3222641170757925,12.106212585927453,9.238546730948077e-6
0.7853744248763199,1.4222641170757926,11.369989049221141,6.456722295194879e-6
0.7674523235477686,1.5222641170757925,10.719477475890713,4.3435298129038605e-6
0.7509975407438247,1.6222641170757925,10.141046592247433,2.758719619188509e-6
0.7359133623261371,1.7222641170757926,9.62361851500777,1.5867946180890324e-6
0.7221059342598632,1.8222641170757927,9.15814399061831,7.341914456088851e-7
0.7094925757232335,1.9222641170757928,8.737228626847166,1.262199535506947e-7
0.697955931587499,2.0222641170757925,8.354777185701728,-2.961216227863735e-7
0.6874358922451762,2.1222641170757925,8.005708253944182,-5.790717537434387e-7
0.6778437974049716,2.2222641170757926,7.685782296058777,-7.585713179586726e-7
0.6691016725243699,2.3222641170757927,7.391442746595469,-8.622694899774767e-7
0.661141125408161,2.422264117075793,7.119692432249204,-9.112004371641675e-7
0.6538921621384848,2.5222641170757925,6.867980103857412,-9.213501684166637e-7
0.6472981659936448,2.6222641170757925,6.634125386875742,-9.047333839839675e-7
0.6413016895309642,2.7222641170757926,6.416255897623383,-8.702822406924348e-7
0.6358484566873308,2.8222641170757927,6.212754416430671,-8.245753361026367e-7
0.630892362414901,2.922264117075793,6.022216882095204,-7.724010379213501e-7
0.6263898436390765,3.0222641170757925,5.843418680463858,-7.17189079996553e-7
0.6222999707454591,3.1222641170757925,5.6752864101296465,-6.613549450705403e-7
0.6185853582968175,3.2222641170757926,5.516875295806267,-6.065554886927625e-7
0.6152117076746038,3.3222641170757927,5.367350602773985,-5.538834201134105e-7
0.6121505272413899,3.422264117075793,5.225971538248804,-5.040248118807845e-7
0.6093699931494623,3.5222641170757925,5.0920783643639895,-4.5737027856210576e-7
0.606849062145784,3.622264117075793,4.965081818930035,-4.1409620141294446e-7
0.6045640745914156,3.7222641170757926,4.844453585810853,-3.7423266945801695e-7
0.6024853978930444,3.8222641170757923,4.729718504855496,-3.377104007844243e-7
0.600601952509777,3.922264117075793,4.620448125222413,-3.043936372508952e-7
0.5988942035735771,4.0222641170757925,4.516255079972953,-2.741052650922455e-7
0.5973455281894822,4.122264117075793,4.416788086290306,-2.4664634374571994e-7
0.5959407480720902,4.222264117075793,4.321727867554415,-2.218080375238206e-7
0.5946671610978651,4.322264117075793,4.230783612183482,-1.993802258114222e-7
0.5935124794104123,4.422264117075793,4.143689777055024,-1.7915797128380728e-7
0.5924659901485718,4.5222641170757925,4.06020338643524,-1.6094527662119452e-7
0.5915158765123731,4.622264117075793,3.980101701671974,-1.445573025551715e-7
0.5906568256521822,4.722264117075793,3.9031801120903578,-1.2982176964839675e-7
0.5898778870436718,4.822264117075793,3.829250320384074,-1.1657943488178945e-7
0.5891717334002351,4.922264117075793,3.7581387416873135,-1.0468406040802816e-7
